molecule_chembl_id,standard_value,pchembl_value,canonical_smiles
CHEMBL1034,2600,5.585026652,O=C([O-])Cc1ccccc1Nc1c(Cl)cccc1Cl.[Na+]
CHEMBL1418164,500,6.301029996,O=C(N1CCOCC1)N1CCN(c2ccc(F)cc2)CC1
CHEMBL1447127,6100,5.214670165,O=C(N1CCOCC1)N1CCN(c2ccccc2)CC1
CHEMBL1545268,3800,5.420216403,O=C(N1CCCCC1)N1CCN(c2ccc(Cl)cc2)CC1
CHEMBL1682539,69800,4.156144577,CS(=O)(=O)c1ccc(/C(=C\c2ccccc2)C(=O)O)cc1
CHEMBL178499,710,6.148741651,COc1ccc2c(c1)c(CC(=O)O)c(C)n2C(=O)c1ccc(F)cc1
CHEMBL178687,220,6.657577319,COc1ccc2c(c1)c(CCC(=O)O)c(C)n2C(=O)c1ccc(Cl)cc1
CHEMBL179587,160,6.795880017,COc1ccc2c(c1)c(CC(=O)O)c(C)n2C(=O)c1ccc(C)cc1
CHEMBL1865699,20300,4.692503962,COc1ccccc1N1CCN(C(=O)N2CCOCC2)CC1
CHEMBL196755,11000,4.958607315,O=C(O)c1ccccc1NC(=O)C(c1ccccc1)c1ccccc1
CHEMBL196812,70000,4.15490196,O=C(O)c1ccccc1C(=O)c1ccccc1
CHEMBL198745,39000,4.408935393,O=C(O)c1ccccc1C(=O)c1ccc(Br)cc1
CHEMBL2023820,86,7.065501549,O=C(O)c1cccc(Nc2ccc([N+](=O)[O-])c3ccccc23)c1
CHEMBL2070008,7500,5.124938737,CCCCOc1cc(C(=O)Nc2ccccc2C(=O)O)ccc1[N+](=O)[O-]
CHEMBL2172258,213,6.671620397,O=C(CC1SC(=O)NC1=O)Nc1ccccc1O
CHEMBL2172787,2240,5.649751982,COc1ccc2c(c1)c(CC(=O)NS(C)(=O)=O)c(C)n2C(=O)c1ccc(Cl)cc1
CHEMBL2323472,120,6.920818754,COc1ccc2c(c1)c(CC(=O)O)c(C)n2C(=O)c1ccc(CCl)cc1
CHEMBL2323473,140,6.853871964,COc1ccc(C(=O)n2c(C)c(CC(=O)O)c3cc(OC)ccc32)cc1
CHEMBL2323474,270,6.568636236,COc1ccc2c(c1)c(CC(=O)O)c(C)n2C(=O)c1ccc(C(F)(F)F)cc1
CHEMBL2323475,2440,5.612610174,COc1ccc2c(c1)c(CC(=O)O)c(C)n2C(=O)c1cccc(C(F)(F)F)c1
CHEMBL2323476,250,6.602059991,Cc1c(CC(=O)O)c2cc(F)ccc2n1C(=O)c1ccc(Cl)cc1
CHEMBL2323477,2230,5.651695137,Cc1c(CC(=O)O)c2cc(F)ccc2n1C(=O)c1cccc(C(F)(F)F)c1
CHEMBL2323478,7540,5.122628654,COC(=O)Cc1c(C)n(C(=O)c2ccc(C)cc2)c2ccc(OC)cc12
CHEMBL2323479,15710,4.803823815,COC(=O)Cc1c(C)n(C(=O)c2ccc(C(F)(F)F)cc2)c2ccc(OC)cc12
CHEMBL2323480,7590,5.119758224,COC(=O)Cc1c(C)n(C(=O)c2ccc(OC)cc2)c2ccc(OC)cc12
CHEMBL2323481,740,6.13076828,COc1ccc2c(c1)c(CC(=O)NS(=O)(=O)C(F)(F)F)c(C)n2C(=O)c1ccc(Cl)cc1
CHEMBL2323482,290,6.537602002,Cc1c(CCC(=O)O)c2cc(F)ccc2n1C(=O)c1ccc(Cl)cc1
CHEMBL2323483,3560,5.448550002,COc1ccc2c(c1)cc(C)n2C(=O)c1ccc(Cl)cc1
CHEMBL2323484,11340,4.945386945,COC(=O)Cc1cn(C(=O)c2ccc(Cl)cc2)c2ccc(OC)cc12
CHEMBL2323485,4960,5.304518324,COc1ccc2c(c1)c(CC(=O)O)cn2C(=O)c1ccc(F)cc1
CHEMBL2323486,1080,5.966576245,COc1ccc2c(c1)c(CC(=O)O)cn2C(=O)c1ccc(C(F)(F)F)cc1
CHEMBL2323487,5210,5.283162277,COc1ccc2c(c1)c(CC(=O)O)cn2C(=O)c1cccc(C(F)(F)F)c1
CHEMBL2323488,500,6.301029996,O=C(O)Cc1cn(C(=O)c2ccc(Cl)cc2)c2ccc(F)cc12
CHEMBL2323489,12000,4.920818754,COc1ccc2c(c1)c(CC(=O)NS(C)(=O)=O)cn2C(=O)c1ccc(Cl)cc1
CHEMBL2323490,210,6.677780705,COc1ccc2c(c1)c(CC(=O)NS(=O)(=O)C(F)(F)F)cn2C(=O)c1ccc(Cl)cc1
CHEMBL2323491,12400,4.906578315,COc1ccc2c(c1)c(CC(=O)NS(=O)(=O)c1ccc(C)cc1)cn2C(=O)c1ccc(Cl)cc1
CHEMBL2323492,1190,5.924453039,COc1ccc2c(c1)c(CC(=O)NS(=O)(=O)c1ccc3ccccc3c1)cn2C(=O)c1ccc(Cl)cc1
CHEMBL2323493,8820,5.054531415,COc1ccc2c(c1)c(CC(=O)NS(=O)(=O)c1ccccc1C)cn2C(=O)c1ccc(Cl)cc1
CHEMBL2323494,2070,5.684029655,COc1ccc2c(c1)c(CC(=O)NS(=O)(=O)c1ccc(C(F)(F)F)cc1)cn2C(=O)c1ccc(Cl)cc1
CHEMBL2323495,2650,5.576754126,COc1ccc2c(c1)c(CC(=O)NS(=O)(=O)c1ccc(OC(F)(F)F)cc1)cn2C(=O)c1ccc(Cl)cc1
CHEMBL2323496,3730,5.428291168,COc1ccc2c(c1)c(CC(=O)NS(=O)(=O)c1ccc(Cl)s1)cn2C(=O)c1ccc(Cl)cc1
CHEMBL2323497,2090,5.679853714,COc1ccc2c(c1)c(CC(=O)NS(=O)(=O)c1ccc(C(C)=O)cc1)cn2C(=O)c1ccc(Cl)cc1
CHEMBL2323498,6340,5.197910742,COc1ccc2c(c1)c(CC(=O)NS(=O)(=O)c1ccc(C(C)C)cc1)cn2C(=O)c1ccc(Cl)cc1
CHEMBL2323499,5800,5.236572006,COc1ccc(S(=O)(=O)NC(=O)Cc2cn(C(=O)c3ccc(Cl)cc3)c3ccc(OC)cc23)cc1
CHEMBL2323500,7860,5.104577454,COc1ccc2c(c1)c(CC(=O)NS(=O)(=O)c1ccc(F)cc1)cn2C(=O)c1ccc(Cl)cc1
CHEMBL2323501,2520,5.598599459,COc1ccc2c(c1)c(CC(=O)NS(=O)(=O)c1ccc(Oc3ccccc3)cc1)cn2C(=O)c1ccc(Cl)cc1
CHEMBL2323502,1110,5.954677021,COc1ccc2c(c1)c(CC(=O)NS(=O)(=O)c1ccc(C#N)cc1)cn2C(=O)c1ccc(Cl)cc1
CHEMBL2323503,3970,5.401209493,COc1ccc2c(c1)c(CC(=O)NS(=O)(=O)c1ccc(Br)cc1)cn2C(=O)c1ccc(Cl)cc1
CHEMBL2323504,1940,5.71219827,COc1ccc2c(c1)c(CC(=O)NS(=O)(=O)c1cc(C(F)(F)F)ccc1C(F)(F)F)cn2C(=O)c1ccc(Cl)cc1
CHEMBL2323505,2400,5.619788758,CCC(=O)Cc1cn(C(=O)O)c2ccc(OC)cc12
CHEMBL2323506,22780,4.64244628,CCC(=O)Cc1cn(C(=O)OC)c2ccc(OC)cc12
CHEMBL2323507,130,6.886056648,COc1ccc2c(c1)c(C)c(CCC(=O)O)n2C(=O)c1ccc(Cl)cc1
CHEMBL2323508,90,7.045757491,CCc1c(CCC(=O)O)n(C(=O)c2ccc(Cl)cc2)c2ccc(OC)cc12
CHEMBL2323509,120,6.920818754,COc1ccc2c(c1)c(C)c(CC(C)(C)C(=O)O)n2C(=O)c1ccc(Cl)cc1
CHEMBL2323510,290,6.537602002,COc1ccc2c(c1)c(C)c(CC(C)C(=O)O)n2C(=O)c1ccc(Cl)cc1
CHEMBL2323511,340,6.468521083,COc1ccc2c(c1)c(C)c(CCC(=O)NS(C)(=O)=O)n2C(=O)c1ccc(Cl)cc1
CHEMBL2323512,5530,5.257274869,COc1ccc2c(c1)c(C)c(CC(C)C(=O)NS(C)(=O)=O)n2C(=O)c1ccc(Cl)cc1
CHEMBL2323513,1440,5.841637508,COc1ccc2c(c1)c(C)c(CCC(=O)NS(=O)(=O)C(F)(F)F)n2C(=O)c1ccc(Cl)cc1
CHEMBL2323514,3110,5.507239611,COc1ccc2c(c1)c(C)c(CCC(=O)NS(=O)(=O)c1ccc(C)cc1)n2C(=O)c1ccc(Cl)cc1
CHEMBL2323515,2540,5.595166283,COc1ccc2c(c1)c(C)c(CCC(=O)NS(=O)(=O)c1ccc3ccccc3c1)n2C(=O)c1ccc(Cl)cc1
CHEMBL2323516,3250,5.488116639,COc1ccc2c(c1)c(C)c(CCC(=O)NS(=O)(=O)c1ccccc1C)n2C(=O)c1ccc(Cl)cc1
CHEMBL2323517,1110,5.954677021,COc1ccc2c(c1)c(C)c(CCC(=O)NS(=O)(=O)c1ccc(C(F)(F)F)cc1)n2C(=O)c1ccc(Cl)cc1
CHEMBL2323518,2500,5.602059991,COc1ccc2c(c1)c(C)c(CCC(=O)NS(=O)(=O)c1ccc(OC(F)(F)F)cc1)n2C(=O)c1ccc(Cl)cc1
CHEMBL2323520,2650,5.576754126,COc1ccc2c(c1)c(C)c(CCC(=O)NS(=O)(=O)c1ccc(C(C)=O)cc1)n2C(=O)c1ccc(Cl)cc1
CHEMBL2323521,4690,5.328827157,COc1ccc2c(c1)c(C)c(CCC(=O)NS(=O)(=O)c1ccc(C(C)C)cc1)n2C(=O)c1ccc(Cl)cc1
CHEMBL2323522,160,6.795880017,COc1ccc2c(c1)c1c(n2C(=O)c2ccc(Cl)cc2)CCC(C(=O)O)C1
CHEMBL2323523,279,6.554395797,COc1ccc2c(c1)c1c(n2C(=O)c2cccc(C(F)(F)F)c2)CCC(C(=O)O)C1
CHEMBL2323524,5070,5.294992041,COc1ccc2c(c1)c1c(n2C(=O)c2ccc(Cl)cc2)CCC(C(=O)NS(C)(=O)=O)C1
CHEMBL2323525,340,6.468521083,COc1ccc2c(c1)c1c(n2C(=O)c2ccc(Cl)cc2)CC(C(=O)O)CC1
CHEMBL2334902,43100,4.36552273,CS(=O)(=O)c1ccc(/C(=C\c2ccc(F)cc2)C(=O)O)cc1
CHEMBL2334903,13400,4.872895202,Cc1ccc(/C=C(/C(=O)O)c2ccc(S(C)(=O)=O)cc2)cc1
CHEMBL2334904,13600,4.866461092,CCc1ccc(/C=C(/C(=O)O)c2ccc(S(C)(=O)=O)cc2)cc1
CHEMBL2334905,36900,4.432973634,COc1ccc(/C=C(/C(=O)O)c2ccc(S(C)(=O)=O)cc2)cc1
CHEMBL2334908,33100,4.480172006,CS(=O)(=O)c1ccc(/C(=C\c2ccc(O)c(O)c2)C(=O)O)cc1
CHEMBL2334910,38900,4.410050399,CS(=O)(=O)c1ccc(/C(=C\c2cccc(F)c2)C(=O)O)cc1
CHEMBL2334911,13600,4.866461092,CS(=O)(=O)c1ccc(/C(=C\c2cccc(Br)c2)C(=O)O)cc1
CHEMBL2334912,4900,5.30980392,CS(=O)(=O)c1ccc(/C(=C\c2ccc(Br)cc2)C(=O)O)cc1
CHEMBL2334913,23300,4.632644079,CS(=O)(=O)c1ccc(/C(=C\c2ccc(C(F)(F)F)cc2)C(=O)O)cc1
CHEMBL2334914,5800,5.236572006,CSc1ccc(/C=C(/C(=O)O)c2ccc(S(C)(=O)=O)cc2)cc1
CHEMBL2334915,51000,4.292429824,CS(=O)(=O)c1ccc(/C=C(/C(=O)O)c2ccc(S(C)(=O)=O)cc2)cc1
CHEMBL2334928,38700,4.412289035,COc1ccc(/C=C(/C(=O)O)c2ccc3ccccc3c2)cc1OC
CHEMBL2334929,30200,4.519993057,CSc1ccc(/C=C(/C(=O)O)c2ccccc2)cc1
CHEMBL2334932,8300,5.080921908,CSc1ccc(/C=C(/C(=O)O)c2ccc(Cl)cc2)cc1
CHEMBL2334933,86600,4.062482108,CS(=O)(=O)c1ccc(/C=C(/C(=O)O)c2ccc(Cl)cc2)cc1
CHEMBL2334934,10800,4.966576245,CS(=O)(=O)c1ccc(/C(=C\c2ccc(Cl)cc2)C(=O)O)cc1
CHEMBL2334935,17000,4.769551079,CSc1ccc(/C=C(/C(=O)O)c2cccc(Cl)c2)cc1
CHEMBL2334936,76700,4.115204636,CS(=O)(=O)c1ccc(/C=C(/C(=O)O)c2cccc(Cl)c2)cc1
CHEMBL2334937,16800,4.774690718,CS(=O)(=O)c1ccc(/C(=C\c2cccc(Cl)c2)C(=O)O)cc1
CHEMBL2413849,24,7.619788758,Cc1ccc2[nH]c(C(=O)N3CCC(CC(C)(C)O)CC3)cc2c1
CHEMBL3103322,21900,4.659555885,O=C(O)C1CCN(C(=O)N2CCN(c3ccc(Cl)cc3)CC2)CC1
CHEMBL3103323,460,6.337242168,O=C(CO)N1CCN(C(=O)N2CCN(c3ccc(Cl)cc3)CC2)CC1
CHEMBL3103324,350,6.455931956,O=C(N1CCN(c2ccc(Cl)cc2)CC1)N1CCc2ccccc2C1
CHEMBL3103327,30000,4.522878745,O=C(N1CCOCC1)N1CCCN(c2ccccc2)CC1
CHEMBL3103328,3700,5.431798276,O=C(N1CCOCC1)N1CC2CC1CN2c1ccc(Cl)cc1
CHEMBL3103330,25,7.602059991,O=C(N1CCOCC1)N1CCN(c2ccc(Cl)cc2Cl)CC1
CHEMBL3103331,110,6.958607315,Cc1cc(Cl)ccc1N1CCN(C(=O)N2CCOCC2)CC1
CHEMBL3103332,160,6.795880017,O=C(N1CCOCC1)N1CCN(c2ccc(Cl)cc2CO)CC1
CHEMBL3103333,530,6.27572413,O=C(N1CCOCC1)N1CCN(c2ccc(Cl)nc2)CC1
CHEMBL3103334,100,7,O=C(N1CCOCC1)N1CCN(c2ccc(Br)cn2)CC1
CHEMBL3103335,350,6.455931956,O=C(N1CCOCC1)N1CCN(Cc2ccc(Cl)cc2)CC1
CHEMBL3103336,480,6.318758763,O=C(c1ccc(Cl)cc1)N1CCN(C(=O)N2CCOCC2)CC1
CHEMBL3103340,12600,4.899629455,O=C(c1ccncc1)N1CCN(c2ccc(Cl)cc2)CC1
CHEMBL3103341,9100,5.040958608,O=C(N1CCSCC1)N1CCN(c2ccc(Cl)cc2)CC1
CHEMBL3103344,2900,5.537602002,O=C(N1CCOCC1)N1CCN(c2cnc3ccccc3c2)CC1
CHEMBL3103345,660,6.180456064,C#Cc1ccc(N2CCN(C(=O)N3CCOCC3)CC2)cc1
CHEMBL3103346,68,7.167491087,O=C(N1CCOCC1)N1CCN(c2ccc(C(F)(F)F)cc2)CC1
CHEMBL3103347,110,6.958607315,O=C(N1CCOCC1)N1CCN(c2ccc(Cl)cc2)CC1
CHEMBL3103348,140,6.853871964,O=C(N1CCOCC1)N1CCN(c2ccc(Br)cc2)CC1
CHEMBL3103349,67,7.173925197,O=C(N1CCOCC1)N1CCN(c2ccc(I)cc2)CC1
CHEMBL3103355,5520,5.258060922,CS(=O)(=O)c1ccc(N2CCN(C(=O)N3CCOCC3)CC2)cc1
CHEMBL3103356,570,6.244125144,O=C(N1CCOCC1)N1CCN(c2ccc([N+](=O)[O-])cc2)CC1
CHEMBL3103357,12100,4.91721463,Cc1ccccc1N1CCN(C(=O)N2CCOCC2)CC1
CHEMBL3103358,2300,5.638272164,O=C(N1CCOCC1)N1CCN(c2ccccc2Cl)CC1
CHEMBL3103359,700,6.15490196,O=C(N1CCOCC1)N1CCN(c2ccccc2C(F)(F)F)CC1
CHEMBL3103360,5300,5.27572413,O=C(N1CCOCC1)N1CCN(c2cccc(Cl)c2)CC1
CHEMBL3103362,360,6.443697499,Cc1ccc(N2CCN(C(=O)N3CCOCC3)CC2)cc1
CHEMBL3103363,350,6.455931956,COc1ccc(N2CCN(C(=O)N3CCOCC3)CC2)cc1
CHEMBL3103365,4900,5.30980392,O=C(N1CCOCC1)N1CCN(c2ccc3ccccc3c2)CC1
CHEMBL3337458,220,6.657577319,O=C(O)/C=C/c1ccc(OC(=O)CCc2ccccc2)c(OCc2ccc(F)cc2)c1
CHEMBL3337696,4500,5.346787486,COc1cc(/C=C/C(=O)O)ccc1OC(=O)CCc1ccccc1
CHEMBL3337697,970,6.013228266,CCOc1cc(/C=C/C(=O)O)ccc1OC(=O)CCc1ccccc1
CHEMBL3337698,2200,5.657577319,CCCOc1cc(/C=C/C(=O)O)ccc1OC(=O)CCc1ccccc1
CHEMBL3337699,3100,5.508638306,CC(C)Oc1cc(/C=C/C(=O)O)ccc1OC(=O)CCc1ccccc1
CHEMBL3337700,420,6.37675071,CCCCOc1cc(/C=C/C(=O)O)ccc1OC(=O)CCc1ccccc1
CHEMBL3337701,560,6.251811973,CC(C)COc1cc(/C=C/C(=O)O)ccc1OC(=O)CCc1ccccc1
CHEMBL3337702,1100,5.958607315,C/C=C/COc1cc(/C=C/C(=O)O)ccc1OC(=O)CCc1ccccc1
CHEMBL3337703,850,6.070581074,C=C(C)COc1cc(/C=C/C(=O)O)ccc1OC(=O)CCc1ccccc1
CHEMBL3337704,390,6.408935393,O=C(O)/C=C/c1ccc(OC(=O)CCc2ccccc2)c(OCc2ccccc2)c1
CHEMBL3337705,110,6.958607315,Cc1ccc(COc2cc(/C=C/C(=O)O)ccc2OC(=O)CCc2ccccc2)cc1
CHEMBL3337706,320,6.494850022,O=C(O)/C=C/c1ccc(OC(=O)CCc2ccccc2)c(OCc2ccccc2F)c1
CHEMBL3337707,110,6.958607315,O=C(O)/C=C/c1ccc(OC(=O)CCc2ccccc2)c(OCc2cccc(F)c2)c1
CHEMBL3337708,360,6.443697499,O=C(O)/C=C/c1ccc(OC(=O)CCc2ccccc2)c(OCc2cc(F)cc(F)c2)c1
CHEMBL3337709,890,6.050609993,O=C(O)/C=C/c1ccc(OC(=O)CCc2ccccc2)c(OCc2ccc(Cl)cc2)c1
CHEMBL3337710,570,6.244125144,O=C(O)/C=C/c1ccc(OC(=O)CCc2ccccc2)c(OCCc2ccccc2)c1
CHEMBL3337711,160,6.795880017,Cc1ccc(COc2cc(/C=C/C(=O)O)ccc2OC(=O)CCc2cccc(F)c2)cc1
CHEMBL3337712,470,6.327902142,Cc1ccc(COc2cc(/C=C/C(=O)O)ccc2OC(=O)CCc2ccc(F)cc2)cc1
CHEMBL3337713,540,6.26760624,Cc1ccc(COc2cc(/C=C/C(=O)O)ccc2OC(=O)CCc2c(F)cc(F)cc2F)cc1
CHEMBL3337714,770,6.113509275,Cc1ccc(COc2cc(/C=C/C(=O)O)ccc2OC(=O)CCc2ccc(O)cc2)cc1
CHEMBL3337715,910,6.040958608,Cc1ccc(COc2cc(/C=C/C(=O)O)ccc2OC(=O)CCc2cccc(O)c2)cc1
CHEMBL3337716,400,6.397940009,O=C(O)/C=C/c1ccc(OC(=O)CCc2cccc(F)c2)c(OCc2cccc(F)c2)c1
CHEMBL3337717,540,6.26760624,O=C(O)/C=C/c1ccc(OC(=O)CCc2ccc(F)cc2)c(OCc2cccc(F)c2)c1
CHEMBL3337718,580,6.236572006,O=C(O)/C=C/c1ccc(OC(=O)CCc2c(F)cc(F)cc2F)c(OCc2cccc(F)c2)c1
CHEMBL3337719,800,6.096910013,O=C(O)/C=C/c1ccc(OC(=O)CCc2cccc(O)c2)c(OCc2cccc(F)c2)c1
CHEMBL3337720,840,6.075720714,O=C(O)/C=C/c1ccc(OC(=O)CCc2ccc(O)cc2)c(OCc2cccc(F)c2)c1
CHEMBL3337721,20,7.698970004,O=C(O)/C=C/c1ccc(OC(=O)CCc2ccccc2)c(OCc2cccc(O)c2)c1
CHEMBL3337722,960,6.017728767,COc1cccc(COc2cc(/C=C/C(=O)O)ccc2OC(=O)CCc2ccccc2)c1
CHEMBL3623735,57,7.244125144,O=C(O)c1ccccc1Nc1cccc(S(F)(F)(F)(F)F)c1
CHEMBL3623736,86,7.065501549,O=C(O)c1cccc(Nc2cccc(S(F)(F)(F)(F)F)c2)c1
CHEMBL3623737,35,7.455931956,O=C(O)c1cccc(Nc2ccc(S(F)(F)(F)(F)F)cc2)c1
CHEMBL3623738,36,7.443697499,O=C(O)c1ccccc1Nc1ccc(S(F)(F)(F)(F)F)cc1
CHEMBL366350,5460,5.262807357,O=C1CCC2(c3ccccc3)Nc3ccccc3N12
CHEMBL4081954,1600,5.795880017,O=C(NCCCc1ccc(O)cc1)c1cc2ccc(O)cc2oc1=O
CHEMBL4089817,470,6.327902142,O=C(NCCCc1ccc(F)cc1)c1cc2ccc(O)cc2oc1=O
CHEMBL4108488,1.8,8.744727495,CN(CCC(=O)O)C(=O)c1ccc2c(c1)CC[C@@H]1[C@@H]2CC[C@]2(C)C(c3cncc(F)c3)=CC[C@@H]12
CHEMBL4159654,1600,5.795880017,O=C(Nc1cccc(C(F)(F)F)c1)c1c(O)nnn1CC1CC1
CHEMBL4166887,480,6.318758763,O=C(Nc1cccc(C(F)(F)F)c1)c1c(O)nnn1Cc1ccccc1
CHEMBL4174786,310,6.508638306,COc1ccc(Cn2nnc(O)c2C(=O)Nc2cccc(C(F)(F)F)c2)cc1
CHEMBL4284230,15000,4.823908741,C[C@]12CC[C@H]3[C@@H](CC[C@H]4c5cccnc5CC[C@@]43C)[C@@H]1CC(=O)OC2
CHEMBL4439327,35,7.455931956,Oc1ccc2c(O)ncc(-c3cc(F)c(F)c(F)c3)c2c1
CHEMBL4441387,398.11,6.399996913,CC(C)=CCc1cc(/C=C/C(=O)O)ccc1NC(=O)CCc1ccccc1
CHEMBL4457540,79.43,7.100015437,CC(C)=CCc1ccc(/C=C/C(=O)O)cc1OC(=O)CCc1ccccc1
CHEMBL4459662,820,6.086186148,CC(C(=O)O)c1ccc2cc(S(C)(=O)=O)ccc2c1
CHEMBL4467986,70,7.15490196,CC(C)=CCc1cc(/C=C/C(=O)O)cc(C(=O)NCc2ccc(C)cc2)c1
CHEMBL4470997,63.1,7.199970641,CC(C)=CCc1ccc(/C=C/C(=O)O)cc1NC(=O)CCc1ccccc1
CHEMBL4473378,1050,5.978810701,CC(C(=O)O)c1ccc2cc([S+](C)[O-])ccc2c1
CHEMBL4533498,501.19,6.299997603,C[C@@H]1C(O)=C(C(N)=O)C(=O)[C@@]2(O)C(O)=C3C(=O)c4c(O)cccc4[C@@](C)(O)[C@H]3C[C@@H]12
CHEMBL4633866,50,7.301029996,N=c1oc2c(O)cccc2cc1C(=O)Nc1cccc(C(F)(F)F)c1
CHEMBL4634140,47,7.327902142,N=c1oc2c(O)cccc2cc1C(=O)Nc1cc(F)c(F)c(F)c1
CHEMBL4634960,29,7.537602002,N=c1oc2c(O)cccc2cc1C(=O)Nc1cccc(F)c1
CHEMBL4636345,52,7.283996656,Cc1ccccc1NC(=O)c1cc2cccc(O)c2oc1=N
CHEMBL4637597,47,7.327902142,CC(C)c1cccc(NC(=O)c2cc3cccc(O)c3oc2=N)c1
CHEMBL4638008,370,6.431798276,N=c1oc2cccc(O)c2cc1C(=O)Nc1ccc(F)cc1
CHEMBL4639417,46,7.337242168,N=c1oc2c(O)cccc2cc1C(=O)Nc1cccc(Cl)c1
CHEMBL4639909,36,7.443697499,N=c1oc2c(O)cccc2cc1C(=O)Nc1ccccc1
CHEMBL4640154,20,7.698970004,N=c1oc2c(O)cccc2cc1C(=O)Nc1ccccc1C(F)(F)F
CHEMBL4640248,56,7.251811973,N=c1oc2c(O)cccc2cc1C(=O)Nc1ccccc1Cl
CHEMBL4640782,58,7.236572006,N=c1oc2c(O)cccc2cc1C(=O)Nc1ccc(C(F)(F)F)cc1C(F)(F)F
CHEMBL4641012,45,7.346787486,CCc1ccc(NC(=O)c2cc3cccc(O)c3oc2=N)cc1
CHEMBL4641799,52,7.283996656,N=c1oc2c(O)cccc2cc1C(=O)Nc1ccc(Cl)cc1
CHEMBL4641899,30,7.522878745,CC(C)c1ccccc1NC(=O)c1cc2cccc(O)c2oc1=N
CHEMBL4642187,21,7.677780705,CCc1ccccc1NC(=O)c1cc2cccc(O)c2oc1=N
CHEMBL4642678,64,7.193820026,N=c1oc2c(O)cccc2cc1C(=O)Nc1ccccc1F
CHEMBL4642852,24,7.619788758,N=c1oc2c(O)cccc2cc1C(=O)Nc1ccc(C(F)(F)F)cc1
CHEMBL4644092,25,7.602059991,N=c1oc2c(O)cccc2cc1C(=O)Nc1ccc(F)cc1
CHEMBL4646593,34,7.468521083,CCc1cccc(NC(=O)c2cc3cccc(O)c3oc2=N)c1
CHEMBL4648687,220,6.657577319,N=c1oc2c(O)cccc2cc1C(=O)Nc1ccc(F)c(F)c1
CHEMBL4648793,27,7.568636236,Cc1ccc(NC(=O)c2cc3cccc(O)c3oc2=N)cc1
CHEMBL4649502,55,7.259637311,Cc1cccc(NC(=O)c2cc3cccc(O)c3oc2=N)c1
CHEMBL464997,15848.93,4.800000053,CC(C)=CCc1cc(/C=C/C(=O)O)ccc1O
CHEMBL4758386,53,7.27572413,O=C(O)c1cccc(Nc2ccc([N+](=O)[O-])c3c([N+](=O)[O-])cccc23)c1
CHEMBL4795494,82,7.086186148,CC(=O)c1ccc(Nc2cccc(C(=O)O)c2)c2ccccc12
CHEMBL503179,960,6.017728767,COc1ccc2c(c1)c(CC(=O)O)cn2C(=O)c1ccc(Cl)cc1
CHEMBL509,540,6.26760624,Cc1ccc(Cl)c(Nc2ccccc2C(=O)O)c1Cl
CHEMBL5290170,300,6.522878745,COc1ccc2c(c1)c(Cc1nonc1O)c(C)n2C(=O)c1ccccc1
CHEMBL5397146,400,6.397940009,Cc1ccc(CNC(=O)c2cc(Br)cc(/C=C/C(=O)N(C)C)c2)cc1
CHEMBL5397612,130,6.886056648,Cc1ccc(CNC(=O)c2cc(/C=C/C(=O)O)cc(-c3ccc(F)cc3F)c2)cc1
CHEMBL5401206,94,7.026872146,Cc1ccc(CNC(=O)c2cc(/C=C/C(=O)O)cc(-c3ccc4nccnc4c3)c2)cc1
CHEMBL5401567,120,6.920818754,CC[C@@H](NC(=O)c1cc(/C=C/C(=O)O)cc(-c2ccc(C(C)C)cc2)c1)c1ccccc1
CHEMBL5402185,90,7.045757491,Cc1ccc(CNC(=O)c2cc(/C=C/C(=O)O)cc(-c3ccc(Br)cc3)c2)cc1
CHEMBL5402839,330,6.48148606,Cc1ccc(CNC(=O)c2cc(/C=C/C(=O)O)cc(-c3ccc(CN4CCOCC4)c(F)c3)c2)cc1
CHEMBL5403238,200,6.698970004,Cc1ccc(CNC(=O)c2cc(/C=C/C(=O)O)cc(-c3ccc(C(F)(F)F)cc3)c2)cc1
CHEMBL5403375,110,6.958607315,C/C=C/Cc1cc(/C=C/C(=O)O)cc(C(=O)NCc2ccc(C)cc2)c1
CHEMBL5405662,70,7.15490196,Cc1ccc(CNC(=O)c2cc(/C=C/C(=O)O)cc(-c3ccccc3F)c2)cc1
CHEMBL5406207,300,6.522878745,Cc1ccc(CNC(=O)c2cc(Br)cc(/C=C/C(=O)O)c2)cc1
CHEMBL5407493,100,7,Cc1ccc(CNC(=O)c2cc(/C=C/C(=O)O)cc(-c3ccc(C)cc3)c2)cc1
CHEMBL5408158,110,6.958607315,Cc1ccc(CNC(=O)c2cc(/C=C/C(=O)O)cc(-c3ccc4c(c3)OCO4)c2)cc1
CHEMBL5408308,110,6.958607315,Cc1ccc(CNC(=O)c2cc(/C=C/C(=O)O)cc(-c3ccc4cccnc4c3)c2)cc1
CHEMBL5409789,80,7.096910013,C/C=C\Cc1cc(/C=C/C(=O)O)cc(C(=O)NCc2ccc(C)cc2)c1
CHEMBL5409918,80,7.096910013,CC(C)=CCOc1cc(/C=C/C(=O)O)cc(C(=O)NCc2ccc(C)cc2)c1
CHEMBL5410143,2700,5.568636236,Cc1ccc(CNC(=O)c2cc(/C=C/C(N)=O)cc(-c3ccc(Oc4ccccc4)cc3)c2)cc1
CHEMBL5411357,40,7.397940009,Cc1ccc(CNC(=O)c2cc(/C=C/C(=O)O)cc(-c3ccccc3)c2)cc1
CHEMBL5411601,190,6.721246399,CCc1ccc(-c2cc(/C=C/C(=O)O)cc(C(=O)NCc3ccc(C)cc3)c2)cc1
CHEMBL5411768,110,6.958607315,Cc1ccc(CNC(=O)c2cc(/C=C/C(=O)O)cc(-c3ccc4c(c3)OCCO4)c2)cc1
CHEMBL5411983,2700,5.568636236,CC(C)=CCc1cc(/C=C/C#N)cc(C(=O)NCc2ccc(C)cc2)c1
CHEMBL5412832,180,6.744727495,Cc1ccc(CNC(=O)c2cc(C#Cc3ccccc3)cc(/C=C/C(=O)O)c2)cc1
CHEMBL5412889,60,7.22184875,Cc1ccc(CNC(=O)c2cc(/C=C/C(=O)O)cc(-c3ccc(Cl)cc3)c2)cc1
CHEMBL5417285,28000,4.552841969,Cc1ccc(CNC(=O)c2cc(Br)cc(/C=C/C(N)=O)c2)cc1
CHEMBL5417484,50,7.301029996,Cc1ccc(CNC(=O)c2cc(/C=C/C(=O)O)cc(-c3cccc(F)c3)c2)cc1
CHEMBL5421383,170,6.769551079,COc1ccc(-c2cc(/C=C/C(=O)O)cc(C(=O)NCc3ccc(C)cc3)c2)cc1
CHEMBL5422271,140,6.853871964,Cc1ccc(CNC(=O)c2cc(/C=C/C(=O)O)cc(-c3ccc(-n4c5ccccc5c5ccccc54)cc3)c2)cc1
CHEMBL5424035,880,6.055517328,Cc1ccc(CNC(=O)c2cc(/C=C/C(=O)O)cc(CC(C)c3ccccc3)c2)cc1
CHEMBL5425839,200,6.698970004,COC(=O)/C=C/c1cc(Br)cc(C(=O)NCc2ccc(C)cc2)c1
CHEMBL5427049,190,6.721246399,Cc1ccc(CNC(=O)c2cc(/C=C/C(=O)O)cc(-c3ccc(C(C)C)cc3)c2)cc1
CHEMBL5427873,94,7.026872146,Cc1ccc(CNC(=O)c2cc(/C=C/C(=O)O)cc(-c3ccc(Oc4ccccc4)cc3)c2)cc1
CHEMBL5432550,50,7.301029996,Cc1ccc(CNC(=O)c2cc(/C=C/C(=O)O)cc(-c3ccc(-c4ccccc4)cc3)c2)cc1
CHEMBL5435345,260,6.585026652,CC[C@@H](NC(=O)c1cc(/C=C/C(=O)O)cc(-c2ccc(Oc3ccccc3)cc2)c1)c1ccccc1
CHEMBL5436074,51,7.292429824,Cc1ccc(CNC(=O)c2cc(/C=C/C(=O)O)cc(-c3ccc4ncnn4c3)c2)cc1
CHEMBL5436263,170,6.769551079,Cc1ccc(CNC(=O)c2cc(Br)cc(/C=C/C#N)c2)cc1
CHEMBL5437220,60,7.22184875,Cc1ccc(CNC(=O)c2cc(/C=C/C(=O)O)cc(-c3ccc(F)cc3)c2)cc1
CHEMBL5438117,170,6.769551079,Cc1ccc(CNC(=O)c2cc(/C=C/C(=O)O)cc(-c3ccc(C#N)cc3)c2)cc1
CHEMBL5438808,1400,5.853871964,Cc1ccc(CNC(=O)c2cc(/C=C/C#N)cc(-c3ccc(Oc4ccccc4)cc3)c2)cc1
CHEMBL5440460,100,7,Cc1ccc(CNC(=O)c2cc(/C=C/C(=O)O)cc(-c3ccc4ccccc4c3)c2)cc1
CHEMBL5441078,500,6.301029996,Cc1ccc(CNC(=O)c2cc(C#CC3CC3)cc(/C=C/C(=O)O)c2)cc1
CHEMBL5743606,4,8.397940009,C[C@@H](O)CNC(=O)c1ccc2c(c1)CC[C@@H]1[C@@H]2CC[C@]2(C)C(c3cncc(F)c3)=CC[C@@H]12
CHEMBL5748676,21,7.677780705,C[C@@H](CO)CCNC(=O)c1ccc2c(c1)CC[C@@H]1[C@@H]2CC[C@]2(C)C(c3cncc(F)c3)=CC[C@@H]12
CHEMBL5751195,45,7.346787486,C[C@H](O)[C@H](C)NC(=O)c1ccc2c(c1)CC[C@@H]1[C@@H]2CC[C@]2(C)C(c3cncc(F)c3)=CC[C@@H]12
CHEMBL5757191,61,7.214670165,COC(=O)c1ccc2c(c1)CC[C@@H]1[C@@H]2[C@H](OC(C)=O)C[C@]2(C)C(c3cncc(F)c3)=CC[C@@H]12
CHEMBL5757784,119,6.924453039,C[C@]12CC[C@@H]3c4ccc(C(=O)NCCS(N)(=O)=O)cc4CC[C@H]3[C@@H]1CC=C2c1cncnc1
CHEMBL5760707,27,7.568636236,C[C@]12C[C@H](F)[C@@H]3c4ccc(C(N)=O)cc4CC[C@H]3[C@@H]1CC=C2c1cncc(F)c1
CHEMBL5768534,60,7.22184875,CC(C)N(CCO)C(=O)c1ccc2c(c1)CC[C@@H]1[C@@H]2CC[C@]2(C)C(c3cncc(F)c3)=CC[C@@H]12
CHEMBL5769066,5,8.301029996,CNC(=O)CCNC(=O)c1ccc2c(c1)CC[C@@H]1[C@@H]2CC[C@]2(C)C(c3cncc(F)c3)=CC[C@@H]12
CHEMBL5770195,17,7.769551079,CN(CC(O)CO)C(=O)c1ccc2c(c1)CC[C@@H]1[C@@H]2CC[C@]2(C)C(c3cncc(F)c3)=CC[C@@H]12
CHEMBL5773422,12,7.920818754,C[C@]12CC[C@@H]3c4ccc(C(=O)NCC(O)C(F)(F)F)cc4CC[C@H]3[C@@H]1CC=C2c1cncc(F)c1
CHEMBL5774176,25,7.602059991,C[C@]12CC[C@@H]3c4ccc(C#N)cc4CC[C@H]3[C@@H]1CC=C2OS(=O)(=O)C(F)(F)F
CHEMBL5774799,46,7.337242168,C[C@]12CC[C@@H]3c4ccc(C(N)=O)cc4CC[C@H]3[C@@H]1CC=C2c1cncc(C(F)(F)F)c1
CHEMBL5812665,7,8.15490196,CC1(CNC(=O)c2ccc3c(c2)CC[C@@H]2[C@@H]3CC[C@]3(C)C(c4cncc(F)c4)=CC[C@@H]23)COC1
CHEMBL5815055,12,7.920818754,C[C@]12CC[C@@H]3c4ccc(C(=O)N5CCC[C@H]5C(N)=O)cc4CC[C@H]3[C@@H]1CC=C2c1cncc(F)c1
CHEMBL5829380,54,7.26760624,C[C@]12CC[C@@H]3c4ccc(C(N)=O)cc4CC[C@H]3[C@@H]1CC=C2I
CHEMBL5830299,5,8.301029996,C[C@]12CC[C@@H]3c4ccc(C(=O)NCc5nnn[nH]5)cc4CC[C@H]3[C@@H]1CC=C2c1cncc(F)c1
CHEMBL5836872,48,7.318758763,CNS(=O)(=O)CCNC(=O)c1ccc2c(c1)CC[C@@H]1[C@@H]2CC[C@]2(C)C(c3cncc(C(F)(F)F)c3)=CC[C@@H]12
CHEMBL5838649,12,7.920818754,CN(CCO)C(=O)c1ccc2c(c1)CC[C@@H]1[C@@H]2CC[C@]2(C)C(c3cncc(F)c3)=CC[C@@H]12
CHEMBL5840426,97,7.013228266,COC(=O)c1ccc2c(c1)CC[C@@H]1[C@@H]2[C@H](O)C[C@]2(C)C(c3cncc(F)c3)=CC[C@@H]12
CHEMBL5868276,15,7.823908741,CC(C)[C@H](CO)NC(=O)c1ccc2c(c1)CC[C@@H]1[C@@H]2CC[C@]2(C)C(c3cncc(F)c3)=CC[C@@H]12
CHEMBL5882357,8,8.096910013,COCCNC(=O)c1ccc2c(c1)CC[C@@H]1[C@@H]2CC[C@]2(C)C(c3cncc(F)c3)=CC[C@@H]12
CHEMBL5901055,820,6.086186148,C[C@H](C(=O)O)c1ccc2cc(S(C)(=O)=O)ccc2c1
CHEMBL5904091,19,7.721246399,CC(C)(CNC(=O)c1ccc2c(c1)CC[C@@H]1[C@@H]2CC[C@]2(C)C(c3cncc(F)c3)=CC[C@@H]12)NS(C)(=O)=O
CHEMBL5910857,4,8.397940009,C[C@]12CC[C@@H]3c4ccc(C(=O)NC[C@H](O)CO)cc4CC[C@H]3[C@@H]1CC=C2c1cncc(F)c1
CHEMBL5925797,29,7.537602002,C[C@]12CC[C@@H]3c4ccc(C(=O)N5CCC[C@@H](O)C5)cc4CC[C@H]3[C@@H]1CC=C2c1cncc(F)c1
CHEMBL5927505,6,8.22184875,CN(CCCO)C(=O)c1ccc2c(c1)CC[C@@H]1[C@@H]2CC[C@]2(C)C(c3cncc(F)c3)=CC[C@@H]12
CHEMBL5927521,5,8.301029996,C[C@]12CC[C@@H]3c4ccc(C(=O)NCCC(N)=O)cc4CC[C@H]3[C@@H]1CC=C2c1cncc(F)c1
CHEMBL5936569,108,6.966576245,C[C@]12CC[C@@H]3c4ccc(C(=O)NC5(CO)CCCC5)cc4CC[C@H]3[C@@H]1CC=C2c1cncc(F)c1
CHEMBL5947988,6,8.22184875,C[C@H](O)CNC(=O)c1ccc2c(c1)CC[C@@H]1[C@@H]2CC[C@]2(C)C(c3cncc(F)c3)=CC[C@@H]12
CHEMBL5949569,1050,5.978810701,C[C@H](C(=O)O)c1ccc2cc([S+](C)[O-])ccc2c1
CHEMBL5968064,17,7.769551079,C[C@]12CC[C@@H]3c4ccc(C(=O)NCCS(N)(=O)=O)cc4CC[C@H]3[C@@H]1CC=C2c1cncc(C(F)(F)F)c1
CHEMBL5968943,9,8.045757491,C[C@]12CC[C@@H]3c4ccc(C(=O)N5CCC[C@H]5c5nnn[nH]5)cc4CC[C@H]3[C@@H]1CC=C2c1cncc(F)c1
CHEMBL5981707,346,6.460923901,CC(=O)O[C@@H]1C[C@]2(C)C(=O)CC[C@H]2[C@@H]2CCc3cc(OS(=O)(=O)C(F)(F)C(F)(F)C(F)(F)C(F)(F)F)ccc3[C@H]21
CHEMBL5987885,6,8.22184875,C[C@]12CC[C@@H]3c4ccc(C(N)=O)cc4CC[C@H]3[C@@H]1CC=C2c1cccnc1
CHEMBL5988886,5,8.301029996,C[C@]12CC[C@@H]3c4ccc(C(=O)NCCc5nnn[nH]5)cc4CC[C@H]3[C@@H]1CC=C2c1cncc(F)c1
CHEMBL5990308,73,7.13667714,C[C@]12C[C@H](F)[C@@H]3c4ccc(C(=O)NCCS(N)(=O)=O)cc4CC[C@H]3[C@@H]1CC=C2c1cncc(F)c1
CHEMBL6000208,4,8.397940009,CC(=O)Oc1ccc2c(c1)CC[C@@H]1[C@@H]2[C@H](OC(C)=O)C[C@]2(C)C(=O)CC[C@@H]12
CHEMBL6000753,34,7.468521083,COC(=O)c1ccc2c(c1)CC[C@@H]1[C@@H]2[C@@H](F)C[C@]2(C)C(c3cncc(F)c3)=CC[C@@H]12
CHEMBL6012451,11,7.958607315,CC(C)S(=O)(=O)CCNC(=O)c1ccc2c(c1)CC[C@@H]1[C@@H]2CC[C@]2(C)C(c3cncc(F)c3)=CC[C@@H]12
CHEMBL6021842,11,7.958607315,CCN(CCO)C(=O)c1ccc2c(c1)CC[C@@H]1[C@@H]2CC[C@]2(C)C(c3cncc(F)c3)=CC[C@@H]12
CHEMBL6022930,9,8.045757491,C[C@]12CC[C@@H]3c4ccc(C(=O)NCCS(N)(=O)=O)cc4CC[C@H]3[C@@H]1CC=C2c1cccnc1
CHEMBL6028626,189,6.723538196,COc1cncc(C2=CC[C@H]3[C@@H]4CCc5cc(C(N)=O)ccc5[C@H]4CC[C@]23C)c1
CHEMBL6030391,6,8.22184875,C[C@]12CC[C@@H]3c4ccc(C(=O)NC[C@@H](O)CO)cc4CC[C@H]3[C@@H]1CC=C2c1cncc(F)c1
CHEMBL6041200,270,6.568636236,COc1ccc2cc(C(C(=O)O)C(C)C)ccc2c1
CHEMBL6045351,5,8.301029996,C[S+]([O-])CCNC(=O)c1ccc2c(c1)CC[C@@H]1[C@@H]2CC[C@]2(C)C(c3cncc(F)c3)=CC[C@@H]12
CHEMBL6051425,313,6.504455662,CC(=O)O[C@@H]1C[C@]2(C)C(=O)CC[C@H]2[C@@H]2CCc3cc(O)ccc3[C@H]21
CHEMBL6062204,10,8,CNC(=O)[C@@H]1CCCN1C(=O)c1ccc2c(c1)CC[C@@H]1[C@@H]2CC[C@]2(C)C(c3cncc(F)c3)=CC[C@@H]12
CHEMBL6065106,6,8.22184875,C[C@]12CC[C@@H]3c4ccc(C(=O)NCCOCCO)cc4CC[C@H]3[C@@H]1CC=C2c1cncc(F)c1
CHEMBL6065781,5,8.301029996,CCNC(=O)c1ccc2c(c1)CC[C@@H]1[C@@H]2CC[C@]2(C)C(c3cncc(F)c3)=CC[C@@H]12
CHEMBL663,680,6.167491087,O=C(O)c1cccc(Oc2ccccc2)c1
CHEMBL686,560,6.251811973,Cc1cccc(Nc2ccccc2C(=O)O)c1C
CHEMBL73572,5670,5.246416941,COC(=O)Cc1c(C)n(C(=O)c2ccc(Cl)cc2)c2ccc(OC)cc12
CHEMBL82085,60,7.22184875,N=c1oc2c(O)cccc2cc1C(=O)Nc1cccc(O)c1
CHEMBL83270,44000,4.356547324,Cc1ccc(C(=O)c2ccccc2C(=O)O)cc1
CHEMBL1105,650,6.187086643,COc1ccc2cc(CC(=O)O)ccc2c1
CHEMBL1236131,70,7.15490196,CSc1ccc2cc([C@H](C)C(=O)O)ccc2c1
CHEMBL154,180,6.744727495,COc1ccc2cc([C@H](C)C(=O)O)ccc2c1
CHEMBL1618254,50,7.301029996,COc1ccc2cc([C@@H](C)C(=O)O)ccc2c1
CHEMBL2070001,5190.5,5.284790805,O=C(Nc1ccccc1C(=O)O)c1cccc(O)c1
CHEMBL2070002,,6.083107813,O=C(Nc1ccc(Cl)cc1C(=O)O)c1cccc(O)c1
CHEMBL2070003,,5.410799329,COc1cc(NC(=O)c2cccc(O)c2)c(C(=O)O)cc1OC
CHEMBL2070004,,5.830373683,O=C(Nc1ccc([N+](=O)[O-])cc1C(=O)O)c1cccc(O)c1
CHEMBL2070005,,6.088589177,O=C(Nc1ccc(Br)cc1C(=O)O)c1cccc(O)c1
CHEMBL23588,,6.371881733,O=C(O)c1ccccc1Nc1cccc(C(F)(F)F)c1
CHEMBL4435662,,6.939713034,CC[C@@H](C(=O)O)c1ccc2cc(OC)ccc2c1
CHEMBL4437071,120,6.920818754,CCC(C(=O)O)c1ccc2cc(OC)ccc2c1
CHEMBL4437291,50,7.301029996,CSc1ccc2cc([C@@H](C)C(=O)O)ccc2c1
CHEMBL4446810,120,6.920818754,CCc1ccc2cc(C(C)C(=O)O)ccc2c1
CHEMBL4447175,6000,5.22184875,CCC(C(=O)NS(C)(=O)=O)c1ccc2cc(OC)ccc2c1
CHEMBL4457933,100,7,CCOc1ccc2cc(C(C)C(=O)O)ccc2c1
CHEMBL4466610,,6.958607315,CC[C@H](C(=O)O)c1ccc2cc(OC)ccc2c1
CHEMBL4551048,60,7.22184875,CSc1ccc2cc(C(C)C(=O)O)ccc2c1
CHEMBL4742775,,5.025500273,COc1ccc2c(c1)c(CCNC(C)=O)cn2C(=O)c1ccc(Cl)cc1
CHEMBL511708,,6.979303657,CC(C)=CCc1cc(/C=C/C(=O)O)ccc1OC(=O)CCc1ccccc1
CHEMBL521,,4.74074303,CC(C)Cc1ccc(C(C)C(=O)O)cc1
CHEMBL6,,5.385992412,COc1ccc2c(c1)c(CC(=O)O)c(C)n2C(=O)c1ccc(Cl)cc1
CHEMBL717,,6.061439064,CC(=O)O[C@]1(C(C)=O)CC[C@H]2[C@@H]3C[C@H](C)C4=CC(=O)CC[C@]4(C)[C@H]3CC[C@@]21C
